"Position","Icon","Description of hydraulic* folding jib"
"2.6","","The shut off „luffing up the hydraulic* folding jib“ has been triggered by run-
ning against the upper limit.
Note: Luffing down the hydraulic* folding jib remains possible."
"2.9","","The shut off „luffing down the hydraulic* folding jib“ has been triggered by
running against the lower limit.
Note: Luffing up the hydraulic* folding jib remains possible."
"2.12","","An associated sensor on the hydraulic* folding jib is defective."
