"Position","Key combination","Function","LED","Description"
"675+691","Lower the counter-
weight","„Off“","Off","Function inactive"
"","","„On“","Blinks slow-
ly","The counterweight is lowered"
"","","„On“","Blinks fast","Error / problem"
"","","„On“","Lights up","The „bottom“ end position has been reached, an
acoustic signal will sound when the end position
is reached"
"675+692","Raise the cab","„Off“
„On“","Off","Function inactive"
"","","","Blinks","Error / problem"
"","","„On“","Lights up","The cab is raised"
"675+693","Lower the cab","„Off“","Off","Function inactive"
"","","„On“","Blinks","Error / problem"
"","","„On“","Lights up","The cab is lowered"
