"Position","Button","Function","LED","Description"
"","Floodlight on front of
turntable","„On“","Lights up","By pressing the button"
"","","„On“","Blinks","Error / problem"
"683","Floodlight on rear of
turntable","„Off“","Off","By pressing the button"
"","","„On“","Lights up","By pressing the button"
"","","„On“","Blinks","Error / problem"
"684","Floodlight, winch","„Off“","Off","By pressing the button"
"","","„On“","Lights up","By pressing the button"
"","","„On“","Blinks","Error / problem"
"685","Floodlight pivot section","„Off“","Off","By pressing the button"
"","","„On“","Lights up","By pressing the button"
"","","„On“","Blinks","Error / problem"
"686","Low beam","„Off“","Off","By pressing the button"
"","","„On“","Lights up","By pressing the button"
"","","„On“","Blinks","Error / problem"
"687","Parking lights","„Off“","Off","By pressing the button"
"","","„On“","Lights up","By pressing the button"
"","","„On“","Blinks","Error / problem"
