"Acoustic / visual warnings on the LICCON monitor","","","","","","",""
"Situation num-
ber","Acoustic warning","","Visual warning LICCON monitor","","","",""
"","Horn
short2)","Horn
long2)","Warning signs","","Special signs","",""
"","","","","","","",""
"Situation 001","From
90 %","-","From
90 %","-","-","-","-"
"Situation 003","From
90 %","From
 101 %","From
90 %","From
101 %","-","-","-"
"Situation 004","-","Always","-","Always","-","-","-"
"Situation 005","-","From
101 %","From
101 %","From
101 %","","",""
"Situation 006","","","","Always","","Always3)",""
"Situation 010","From
90 %","From
101 %","From
90 %","From
101 %","Always","-","-"
"Situation 0111)","-","Always","-","-","-","-","Always"
"Situation 020","-","Always","-","-","-","Always","-"
