"Position","Key combination","Function
LED
Description","",""
"675","Release button","Note: After pressing the release button, the functions,
which require a release can be activated. The
release is indicated by the green LED on the re-
lease button.","",""
"","","„On“","Lights up","Press the release button"
"","","„Off“","Off","By pressing the button
or
As long as no button is pressed, which requires
a release: Automatically after 30 s."
"675+676","Extend the step","„On“","","Activate „release key“ and press „Extend step“
key"
"675+677","Retract the step","„On“","","Activate „release key“ and press „Retract step“
key"
"675+688","Unpin the turntable lock","„Off“","Off","Function inactive"
"","","„On“","Blinks slow-
ly","The unpinning procedure „runs“"
"","","„On“","Blinks fast","Error / problem"
"","","„On“","Lights up","The „top“ end position has been reached, an
acoustic signal will sound when the end position
is reached"
"675+689","Pin the turntable lock","„Off“","Off","Function inactive"
"","","„On“","Blinks slow-
ly","The pinning procedure „is running“"
"","","„On“","Blinks fast","Error / problem"
"","","„On“","Lights up","The „bottom“ end position has been reached, an
acoustic signal will sound when the end position
is reached"
"675+690","Raise the counterweight","„Off“","Off","Function inactive"
"","","„On“","Blinks slow-
ly","The counterweight is raised"
"","","„On“","Blinks fast","Error / problem"
"","","„On“","Lights up","The „top“ end position has been reached, an
acoustic signal will sound when the end position
is reached"
