"LMB warning lights","","","",""
"Situation num-
ber","At utilization of crane","Three color light 9","",""
"","","Green","Yellow","Red"
"Situation 001","0 % to 89 %","Lights up","",""
"","90 % to 100 %","","Lights up",""
"Situation 003","From 101 %","","","Lights up"
"Situation 004","Always","","","Lights up"
"Situation 005","From 101 %","","","Blinks"
"Situation 006","Always","","","Blinks"
"Situation 0104)","0 % to 89 %","Lights up","",""
"","90 % to 100 %","","Lights up",""
"","101 % to 110 %","","Blinks",""
"","From 111 %","","","Lights up"
"Situation 010","0 % to 89 %","Lights up","",""
"","90 % to 100 %","","Lights up",""
"","From 101 %","","","Blinks"
"Situation 0111)","Always","","Blinks",""
"Situation 020","No display value","","Blinks",""
