"Wind force
Beaufort
Description","","Wind speed
[m/s]
[km/h]","","Effect of the wind
Inland"
"6
Strong breeze","","10.8 to 13.8
39 to 49","","Thicker branches move; telephone lines
begin to whistle, umbrellas are difficult to
use"
"7
Near gale","","13.9 to 17.1
50 to 61","","Entire trees swaying; difficult to walk into
wind"
"8
Gale force wind","","17.2 to 20.7
62 to 74","","Breaks branches off trees, impedes wal-
king in open areas considerably"
"9
Gale","","20.8 to 24.4
75 to 88","","Minor damage to property (chimney caps
and roofing tile are blown off)"
"10
Severe storm","","24.5 to 28.4
89 to 102","","Trees are uprooted, significant damage to
property"
"11
Violent storm","","28.5 to 32.6
103 to 117","","Extensive, widespread storm damage"
"12
Hurricane","","32.7 and more
118 and more","","Major destruction"
