"Wind force
Beaufort
Description","","Wind speed
[m/s]
[km/h]","","Effect of the wind
Inland"
"0
Calm","","0 to 0.2
1","","Calm, smoke rises vertically"
"1
Slight air move-
ment (draft)","","0.3 to 1.5
1 to 5","","Wind direction is shown only by observing
the trail of smoke, not by the wind sock"
"2
Light breeze","","1.6 to 3.3
6 to 11","","Wind can be felt on the face, the leaves
rustle, wind sock moves slightly"
"3
Gentle breeze","","3.4 to 5.4
12 to 19","","Leaves and small twigs in constant motion
Wind extends a flag"
"4
Moderate breeze","","5.5 to 7.9
20 to 28","","Swirls up dust and loose paper, moves
twigs and thin branches"
"5
Fresh breeze","","8.0 to 10.7
29 to 38","","Small deciduous trees begin to sway, whi-
tecaps form at sea"
