"Monitoring display","Icon display","Status"
"Charge monitoring dis-
play","Green:","Alternator OK (engine on)."
"","Red:","Alternator does not charge (engine on)."
"Coolant level","Green:","Coolant level OK."
"","Red:
Insufficient coolant.
Note:
Increase the coolant level, see chapter 7.05
„Maintenance guidelines Crane superstructure“.",""
"Engine oil level","Green:","Engine oil level OK."
"","Red:
Engine oil level too low or too high.
Note: Call up analog display and adjust the engine oil
according to the display. See section „individual
indicator displays with analog values“.",""
"Engine oil pressure","Green:","Engine oil pressure OK (engine on)."
"","Red:
Engine oil pressure too low (engine on).
Note: Bring the crane to a standstill immediately and
turn the engine off.",""
"Brake circuits I to III","Green:","Pressures in brake circuits I to III ok."
"","Red:","Pressure in one or more brake circuits too low."
"Battery voltage","Green:","Battery voltage OK."
"","Red:","On-board power supply over / undervoltage."
"Hydraulic oil temperatu-
re","Green:","Hydraulic oil temperature crane drive OK."
"","Red:","Hydraulic oil temperature crane drive too high."
