"Support base arbitrary","","","",""
"Auxiliary boom","Working position at assembly / disas-
sembly: 360°
Minimum counter-
Maximum counter-
weight
weight","","Working position at assembly / disas-
sembly: 0° (to the rear)
Minimum counter-
Maximum counter-
weight
weight",""
"K-2.9","Assembly prohibited
Assembly prohibited","","0 t
26.4 t",""
"K-10.8","Assembly prohibited
Assembly prohibited","","0 t
26.4 t",""
"K-19.0","Assembly prohibited
Assembly prohibited","","0 t
26.4 t",""
"V-7.0 + K-10.8","Assembly prohibited
Assembly prohibited","","6.6 t
26.4 t",""
"V-7.0 + K-19.0","Assembly prohibited
Assembly prohibited","","6.6 t
26.4 t",""
