"Signal turntable","",""
"Situation num-
ber","At utilization of crane","Signal type"
"Situation 001","0 % to 89 %","-"
"Situation 002","90 % to 100 %","-"
"Situation 003","From 101 %","Intermittent sound, can be shut off after five seconds"
"Situation 004","Always","-"
"Situation 005","From 101 %","Intermittent sound, can be shut off after five seconds"
"Situation 006","Always","Intermittent sound"
"Situation 010","From 111 %","Intermittent sound, can be shut off after five seconds"
"Situation 0111)","Always","Intermittent sound, can be shut off after five seconds"
"Situation 020","No display value","-"
