"Position","Indicator light","LED condition","Description"
"660","Engine monitoring su-
perstructure","Yellow","Engine preheat active"
"","","Yellow blinking (slow)","Engine ready to start"
"","","Yellow blinking (fast)","Engine preheating Error / problem"
"","","Off","Engine is running (after engine has been started)"
"","","Red","Engine is running, alternator does not charge"
"661","Engine monitoring
chassis","Yellow","Engine preheat active"
"","","Yellow blinking (slow)","Engine ready to start"
"","","Yellow blinking (fast)","Engine preheating Error / problem"
"","","Off","Engine is running (after engine has been started)"
"","","Red","Engine is running, alternator does not charge"
"662","Central lubrication sys-
tem","Yellow + red (orange)","Functional readiness (is shown after engine start
for 1.5 s)"
"","","Yellow","Lubrication active"
"","","Red","Error / problem"
"","","Off","Central lubrication not active"
"663","Pinning tele / cylinder","Yellow","Unpin cylinder"
"","","Green","Tele unpinned"
"664","","Yellow","Gripper in position"
