"Support base between 8.1 m x 7.5 m and 8.1 m x 5.0 m","","","",""
"Auxiliary boom","Working position at assembly / disas-
sembly: 360°
Minimum counter-
Maximum counter-
weight
weight","","Working position at assembly / disas-
sembly: 0° (to the rear)
Minimum counter-
Maximum counter-
weight
weight",""
"K-2.9","0 t
42 t","","0 t
42 t",""
"K-10.8","6.6 t
42 t","","0 t
42 t",""
"K-19.0","6.6 t
42 t","","0 t
42 t",""
"V-7.0 + K-10.8","12.7 t
42 t","","6.6 t
42 t",""
"V-7.0 + K-19.0","12.7 t
42 t","","6.6 t
42 t",""
"V-14.0 + K-10.8","16 t
42 t","","6.6 t
42 t",""
"V-14.0 + K-19.0","16 t
42 t","","6.6 t
42 t",""
