"Position","Button","Function","LED","Description"
"","Interior light cab","„On“
(100 %)","–","By opening the door
or
By pressing the button"
"","","Dim","–","There are three different dimmer stages:
1. 75 %
2. 50 %
3. 25 %
4. „Interior lighting Off“
When the interior light is turned on: Each time
the button is pressed, the brightness is reduced
incrementally."
"","","„Off“","–","By pressing the button for longer than one se-
cond
or
By pressing the button until the light turns „Off“
or
If the following conditions are present simultan-
eously for longer than 30 s:
- The driver's seat is not occupied.
- The door is closed.
- The engine is „off“."
"679","Airplane warning","Note: The airplane warning can also be actuated when
the ignition is „Off“, by pressing the button lon-
ger than 1 s.","",""
"","","„Off“","Off","By pressing the button"
"","","„On“","Lights up","By pressing the button"
"","","„On“","Blinks","Error / problem"
"680","Ignition chassis","„Off“","Off","By pressing the button"
"","","„On“","Lights up","By pressing the button"
"","","„On“","Blinks","Transmission error to chassis"
"681","Start the engine in
chassis","„Off“","Off","By pressing the button"
"","","„On“","Lights up","By pressing the button"
"","","„On“","Blinks","Error / problem"
"682","","„Off“","Off","By pressing the button"
