[
    {
        "page_number": 1,
        "data": [
            [
                "No text found."
            ]
        ]
    },
    {
        "page_number": 2,
        "data": [
            [
                "Tire size",
                "385/95 R 25",
                "445/95 R 25*",
                "525/80 R 25"
            ],
            [
                "A",
                "3950 Mm",
                "4000 mm",
                "4000 mm"
            ],
            [
                "B",
                "2750 Mm",
                "2750Mm",
                "2850 Mm"
            ],
            [
                "2313 mm",
                "2301 mm",
                "2323 mm"
            ],
            [
                "2000 Mm",
                "2050 mm",
                "2050 MM"
            ],
            [
                "3702 mm",
                "3752 mm",
                "3752 mm"
            ],
            [
                "20*",
                "22#",
                "228"
            ],
            [
                "120",
                "14\"",
                "14\""
            ],
            [
                "H",
                "248",
                "268",
                "268"
            ],
            [
                "Suspension",
                "path",
                "crane vehicle",
                "Side incline"
            ],
            [
                "150 mm /- 100 mm",
                "+9.0*-9.0\""
            ],
            [
                "1"
            ],
            [
                "Support base",
                "Length",
                "Width"
            ],
            [
                "Retracted",
                "8,10 m",
                "2.40 m"
            ],
            [
                "Reduced",
                "8.10 m",
                "5.00 m"
            ],
            [
                "Wide",
                "8,10 m",
                "7.50 m"
            ]
        ]
    },
    {
        "page_number": 3,
        "data": [
            [
                "Length",
                "Width"
            ],
            [
                "550 mm",
                "550 mm"
            ],
            [
                "Max. support force per support",
                "Front",
                "Rear"
            ],
            [
                "With nominal load",
                "650 kN",
                "820 kN"
            ],
            [
                "Tire size",
                "Wheel weight",
                "Tire pressure for driving on",
                "Tire pressure for driving"
            ],
            [
                "public roads",
                "with the equipment in place"
            ],
            [
                "385/95 R25",
                "260 kg",
                "10 bar",
                "10 bar"
            ],
            [
                "445/95 R 25*",
                "320 kg",
                "9 bar",
                "10 bar"
            ],
            [
                "525/80 R 25\"",
                "375 kg",
                "7 bar",
                "8 bar"
            ],
            [
                "Tire size",
                "Wheel weight",
                "Tire pressure for driving on",
                "Tire pressure for driving"
            ],
            [
                "public roads",
                "with the equipment in place"
            ],
            [
                "385/95 R 25",
                "260 kg",
                "9 bar",
                "9 bar"
            ],
            [
                "445/95 R 25\"",
                "320 kg",
                "9 bar",
                "9 bar"
            ],
            [
                "525/80 R 25*",
                "372 kg",
                "7 bar",
                "7 bar"
            ]
        ]
    },
    {
        "page_number": 4,
        "data": [
            [
                "Travel condition"
            ],
            [
                "See Crane operating instructions, chapter 3.04,"
            ],
            [
                "Load",
                "Pulleys",
                "Strands",
                "Installed",
                "auxiliary",
                "Net weight"
            ],
            [
                "weights"
            ],
            [
                "112.3[",
                "7",
                "14",
                "1.24t"
            ],
            [
                "90.2t",
                "5",
                "11",
                "0.9t"
            ],
            [
                "2",
                "1.3t"
            ],
            [
                "4",
                "1.7"
            ],
            [
                "6",
                "2.1t"
            ],
            [
                "8",
                "2.5 ["
            ],
            [
                "59.1 (",
                "3",
                "7",
                "0.7 t"
            ],
            [
                "26.1 t",
                "1",
                "3",
                "0.45t"
            ],
            [
                "8.8 t",
                "7",
                "0.25 t"
            ],
            [
                "Speed",
                "Gear"
            ],
            [
                "2",
                "3",
                "5",
                "6",
                "7",
                "8"
            ],
            [
                "On road gear",
                "5.50 km",
                "7.10 km",
                "9.20 km",
                "11.80 k",
                "14,90 k",
                "19.20k",
                "25.20k",
                "32.40 k"
            ],
            [
                "Ih",
                "Th",
                "Ih",
                "mlh",
                "mh",
                "mfh",
                "mlh",
                "mlh"
            ],
            [
                "Off-road gear",
                "1,.30 km",
                "1,.70 km",
                "2.20 km",
                "2.90 km"
            ],
            [
                "Ih",
                "Yh",
                "Jh",
                "Jh"
            ]
        ]
    }
]